"data","descricao"
2000-01-01,Ano Novo
2001-12-25,Natal
2000-04-23,Páscoa
2000-03-07,Carnaval
2000-04-21,Sexta-feira Santa
2000-06-22,Corpus Christi
2001-04-15,Páscoa
2001-02-27,Carnaval
2001-04-13,Sexta-feira Santa
2001-06-14,Corpus Christi
2002-03-31,Páscoa
2002-02-12,Carnaval
2002-03-29,Sexta-feira Santa
2002-05-30,Corpus Christi
2003-04-20,Páscoa
2003-03-04,Carnaval
2003-04-18,Sexta-feira Santa
2003-06-19,Corpus Christi
2004-04-11,Páscoa
2004-02-24,Carnaval
2004-04-09,Sexta-feira Santa
2004-06-10,Corpus Christi
2005-03-27,Páscoa
2005-02-08,Carnaval
2005-03-25,Sexta-feira Santa
2005-05-26,Corpus Christi
2006-04-16,Páscoa
2006-02-28,Carnaval
2006-04-14,Sexta-feira Santa
2006-06-15,Corpus Christi
2007-04-08,Páscoa
2007-02-20,Carnaval
2007-04-06,Sexta-feira Santa
2007-06-07,Corpus Christi
2008-03-23,Páscoa
2008-02-05,Carnaval
2008-03-21,Sexta-feira Santa
2008-05-22,Corpus Christi
2009-04-12,Páscoa
2009-02-24,Carnaval
2009-04-10,Sexta-feira Santa
2009-06-11,Corpus Christi
2010-04-04,Páscoa
2010-02-16,Carnaval
2010-04-02,Sexta-feira Santa
2010-06-03,Corpus Christi
2011-04-24,Páscoa
2011-03-08,Carnaval
2011-04-22,Sexta-feira Santa
2011-06-23,Corpus Christi
2012-04-08,Páscoa
2012-02-21,Carnaval
2012-04-06,Sexta-feira Santa
2012-06-07,Corpus Christi
2013-03-31,Páscoa
2013-02-12,Carnaval
2013-03-29,Sexta-feira Santa
2013-05-30,Corpus Christi
2014-04-20,Páscoa
2014-03-04,Carnaval
2014-04-18,Sexta-feira Santa
2014-06-19,Corpus Christi
2015-04-05,Páscoa
2015-02-17,Carnaval
2015-04-03,Sexta-feira Santa
2015-06-04,Corpus Christi
2016-03-27,Páscoa
2016-02-09,Carnaval
2016-03-25,Sexta-feira Santa
2016-05-26,Corpus Christi
2017-04-16,Páscoa
2017-02-28,Carnaval
2017-04-14,Sexta-feira Santa
2017-06-15,Corpus Christi
2018-04-01,Páscoa
2018-02-13,Carnaval
2018-03-30,Sexta-feira Santa
2018-05-31,Corpus Christi
2019-04-21,Páscoa
2019-03-05,Carnaval
2019-04-19,Sexta-feira Santa
2019-06-20,Corpus Christi
2020-04-12,Páscoa
2020-02-25,Carnaval
2020-04-10,Sexta-feira Santa
2020-06-11,Corpus Christi
2021-04-04,Páscoa
2021-02-16,Carnaval
2021-04-02,Sexta-feira Santa
2021-06-03,Corpus Christi
2022-04-17,Páscoa
2022-03-01,Carnaval
2022-04-15,Sexta-feira Santa
2022-06-16,Corpus Christi
2023-04-09,Páscoa
2023-02-21,Carnaval
2023-04-07,Sexta-feira Santa
2023-06-08,Corpus Christi
2024-03-31,Páscoa
2024-02-13,Carnaval
2024-03-29,Sexta-feira Santa
2024-05-30,Corpus Christi
2025-04-20,Páscoa
2025-03-04,Carnaval
2025-04-18,Sexta-feira Santa
2025-06-19,Corpus Christi
2026-04-05,Páscoa
2026-02-17,Carnaval
2026-04-03,Sexta-feira Santa
2026-06-04,Corpus Christi
2027-03-28,Páscoa
2027-02-09,Carnaval
2027-03-26,Sexta-feira Santa
2027-05-27,Corpus Christi
2028-04-16,Páscoa
2028-02-29,Carnaval
2028-04-14,Sexta-feira Santa
2028-06-15,Corpus Christi
2029-04-01,Páscoa
2029-02-13,Carnaval
2029-03-30,Sexta-feira Santa
2029-05-31,Corpus Christi
2030-04-21,Páscoa
2030-03-05,Carnaval
2030-04-19,Sexta-feira Santa
2030-06-20,Corpus Christi
2031-04-13,Páscoa
2031-02-25,Carnaval
2031-04-11,Sexta-feira Santa
2031-06-12,Corpus Christi
2032-03-28,Páscoa
2032-02-10,Carnaval
2032-03-26,Sexta-feira Santa
2032-05-27,Corpus Christi
2033-04-17,Páscoa
2033-03-01,Carnaval
2033-04-15,Sexta-feira Santa
2033-06-16,Corpus Christi
2034-04-09,Páscoa
2034-02-21,Carnaval
2034-04-07,Sexta-feira Santa
2034-06-08,Corpus Christi
2035-03-25,Páscoa
2035-02-06,Carnaval
2035-03-23,Sexta-feira Santa
2035-05-24,Corpus Christi
2036-04-13,Páscoa
2036-02-26,Carnaval
2036-04-11,Sexta-feira Santa
2036-06-12,Corpus Christi
2037-04-05,Páscoa
2037-02-17,Carnaval
2037-04-03,Sexta-feira Santa
2037-06-04,Corpus Christi
2038-04-25,Páscoa
2038-03-09,Carnaval
2038-04-23,Sexta-feira Santa
2038-06-24,Corpus Christi
2039-04-10,Páscoa
2039-02-22,Carnaval
2039-04-08,Sexta-feira Santa
2039-06-09,Corpus Christi
2040-04-01,Páscoa
2040-02-14,Carnaval
2040-03-30,Sexta-feira Santa
2040-05-31,Corpus Christi
2041-04-21,Páscoa
2041-03-05,Carnaval
2041-04-19,Sexta-feira Santa
2041-06-20,Corpus Christi
2042-04-06,Páscoa
2042-02-18,Carnaval
2042-04-04,Sexta-feira Santa
2042-06-05,Corpus Christi
2043-03-29,Páscoa
2043-02-10,Carnaval
2043-03-27,Sexta-feira Santa
2043-05-28,Corpus Christi
2044-04-17,Páscoa
2044-03-01,Carnaval
2044-04-15,Sexta-feira Santa
2044-06-16,Corpus Christi
2045-04-09,Páscoa
2045-02-21,Carnaval
2045-04-07,Sexta-feira Santa
2045-06-08,Corpus Christi
2046-03-25,Páscoa
2046-02-06,Carnaval
2046-03-23,Sexta-feira Santa
2046-05-24,Corpus Christi
2047-04-14,Páscoa
2047-02-26,Carnaval
2047-04-12,Sexta-feira Santa
2047-06-13,Corpus Christi
2048-04-05,Páscoa
2048-02-18,Carnaval
2048-04-03,Sexta-feira Santa
2048-06-04,Corpus Christi
2049-04-18,Páscoa
2049-03-02,Carnaval
2049-04-16,Sexta-feira Santa
2049-06-17,Corpus Christi
2050-04-10,Páscoa
2050-02-22,Carnaval
2050-04-08,Sexta-feira Santa
2050-06-09,Corpus Christi
2051-04-02,Páscoa
2051-02-14,Carnaval
2051-03-31,Sexta-feira Santa
2051-06-01,Corpus Christi
2052-04-21,Páscoa
2052-03-05,Carnaval
2052-04-19,Sexta-feira Santa
2052-06-20,Corpus Christi
2053-04-06,Páscoa
2053-02-18,Carnaval
2053-04-04,Sexta-feira Santa
2053-06-05,Corpus Christi
2054-03-29,Páscoa
2054-02-10,Carnaval
2054-03-27,Sexta-feira Santa
2054-05-28,Corpus Christi
2055-04-18,Páscoa
2055-03-02,Carnaval
2055-04-16,Sexta-feira Santa
2055-06-17,Corpus Christi
2056-04-02,Páscoa
2056-02-15,Carnaval
2056-03-31,Sexta-feira Santa
2056-06-01,Corpus Christi
2057-04-22,Páscoa
2057-03-06,Carnaval
2057-04-20,Sexta-feira Santa
2057-06-21,Corpus Christi
2058-04-14,Páscoa
2058-02-26,Carnaval
2058-04-12,Sexta-feira Santa
2058-06-13,Corpus Christi
2059-03-30,Páscoa
2059-02-11,Carnaval
2059-03-28,Sexta-feira Santa
2059-05-29,Corpus Christi
2060-04-18,Páscoa
2060-03-02,Carnaval
2060-04-16,Sexta-feira Santa
2060-06-17,Corpus Christi
2061-04-10,Páscoa
2061-02-22,Carnaval
2061-04-08,Sexta-feira Santa
2061-06-09,Corpus Christi
2062-03-26,Páscoa
2062-02-07,Carnaval
2062-03-24,Sexta-feira Santa
2062-05-25,Corpus Christi
2063-04-15,Páscoa
2063-02-27,Carnaval
2063-04-13,Sexta-feira Santa
2063-06-14,Corpus Christi
2064-04-06,Páscoa
2064-02-19,Carnaval
2064-04-04,Sexta-feira Santa
2064-06-05,Corpus Christi
2065-03-29,Páscoa
2065-02-10,Carnaval
2065-03-27,Sexta-feira Santa
2065-05-28,Corpus Christi
2066-04-11,Páscoa
2066-02-23,Carnaval
2066-04-09,Sexta-feira Santa
2066-06-10,Corpus Christi
2067-04-03,Páscoa
2067-02-15,Carnaval
2067-04-01,Sexta-feira Santa
2067-06-02,Corpus Christi
2068-04-22,Páscoa
2068-03-06,Carnaval
2068-04-20,Sexta-feira Santa
2068-06-21,Corpus Christi
2069-04-14,Páscoa
2069-02-26,Carnaval
2069-04-12,Sexta-feira Santa
2069-06-13,Corpus Christi
2070-03-30,Páscoa
2070-02-11,Carnaval
2070-03-28,Sexta-feira Santa
2070-05-29,Corpus Christi
2071-04-19,Páscoa
2071-03-03,Carnaval
2071-04-17,Sexta-feira Santa
2071-06-18,Corpus Christi
2072-04-10,Páscoa
2072-02-23,Carnaval
2072-04-08,Sexta-feira Santa
2072-06-09,Corpus Christi
2073-03-26,Páscoa
2073-02-07,Carnaval
2073-03-24,Sexta-feira Santa
2073-05-25,Corpus Christi
2074-04-15,Páscoa
2074-02-27,Carnaval
2074-04-13,Sexta-feira Santa
2074-06-14,Corpus Christi
2075-04-07,Páscoa
2075-02-19,Carnaval
2075-04-05,Sexta-feira Santa
2075-06-06,Corpus Christi
2076-04-19,Páscoa
2076-03-03,Carnaval
2076-04-17,Sexta-feira Santa
2076-06-18,Corpus Christi
2077-04-11,Páscoa
2077-02-23,Carnaval
2077-04-09,Sexta-feira Santa
2077-06-10,Corpus Christi
2078-04-03,Páscoa
2078-02-15,Carnaval
2078-04-01,Sexta-feira Santa
2078-06-02,Corpus Christi
2079-04-23,Páscoa
2079-03-07,Carnaval
2079-04-21,Sexta-feira Santa
2079-06-22,Corpus Christi
2080-04-07,Páscoa
2080-02-20,Carnaval
2080-04-05,Sexta-feira Santa
2080-06-06,Corpus Christi
2081-03-30,Páscoa
2081-02-11,Carnaval
2081-03-28,Sexta-feira Santa
2081-05-29,Corpus Christi
2082-04-19,Páscoa
2082-03-03,Carnaval
2082-04-17,Sexta-feira Santa
2082-06-18,Corpus Christi
2083-04-04,Páscoa
2083-02-16,Carnaval
2083-04-02,Sexta-feira Santa
2083-06-03,Corpus Christi
2084-03-26,Páscoa
2084-02-08,Carnaval
2084-03-24,Sexta-feira Santa
2084-05-25,Corpus Christi
2085-04-15,Páscoa
2085-02-27,Carnaval
2085-04-13,Sexta-feira Santa
2085-06-14,Corpus Christi
2086-03-31,Páscoa
2086-02-12,Carnaval
2086-03-29,Sexta-feira Santa
2086-05-30,Corpus Christi
2087-04-20,Páscoa
2087-03-04,Carnaval
2087-04-18,Sexta-feira Santa
2087-06-19,Corpus Christi
2088-04-11,Páscoa
2088-02-24,Carnaval
2088-04-09,Sexta-feira Santa
2088-06-10,Corpus Christi
2089-04-03,Páscoa
2089-02-15,Carnaval
2089-04-01,Sexta-feira Santa
2089-06-02,Corpus Christi
2090-04-16,Páscoa
2090-02-28,Carnaval
2090-04-14,Sexta-feira Santa
2090-06-15,Corpus Christi
2091-04-08,Páscoa
2091-02-20,Carnaval
2091-04-06,Sexta-feira Santa
2091-06-07,Corpus Christi
2092-03-30,Páscoa
2092-02-12,Carnaval
2092-03-28,Sexta-feira Santa
2092-05-29,Corpus Christi
2093-04-12,Páscoa
2093-02-24,Carnaval
2093-04-10,Sexta-feira Santa
2093-06-11,Corpus Christi
2094-04-04,Páscoa
2094-02-16,Carnaval
2094-04-02,Sexta-feira Santa
2094-06-03,Corpus Christi
2095-04-24,Páscoa
2095-03-08,Carnaval
2095-04-22,Sexta-feira Santa
2095-06-23,Corpus Christi
2096-04-15,Páscoa
2096-02-28,Carnaval
2096-04-13,Sexta-feira Santa
2096-06-14,Corpus Christi
2097-03-31,Páscoa
2097-02-12,Carnaval
2097-03-29,Sexta-feira Santa
2097-05-30,Corpus Christi
2098-04-20,Páscoa
2098-03-04,Carnaval
2098-04-18,Sexta-feira Santa
2098-06-19,Corpus Christi
2099-04-12,Páscoa
2099-02-24,Carnaval
2099-04-10,Sexta-feira Santa
2099-06-11,Corpus Christi
2100-03-28,Páscoa
2100-02-09,Carnaval
2100-03-26,Sexta-feira Santa
2100-05-27,Corpus Christi
2101-04-17,Páscoa
2101-03-01,Carnaval
2101-04-15,Sexta-feira Santa
2101-06-16,Corpus Christi
2102-04-09,Páscoa
2102-02-21,Carnaval
2102-04-07,Sexta-feira Santa
2102-06-08,Corpus Christi
2103-03-25,Páscoa
2103-02-06,Carnaval
2103-03-23,Sexta-feira Santa
2103-05-24,Corpus Christi
2104-04-13,Páscoa
2104-02-26,Carnaval
2104-04-11,Sexta-feira Santa
2104-06-12,Corpus Christi
2105-04-05,Páscoa
2105-02-17,Carnaval
2105-04-03,Sexta-feira Santa
2105-06-04,Corpus Christi
2106-04-18,Páscoa
2106-03-02,Carnaval
2106-04-16,Sexta-feira Santa
2106-06-17,Corpus Christi
2107-04-10,Páscoa
2107-02-22,Carnaval
2107-04-08,Sexta-feira Santa
2107-06-09,Corpus Christi
2108-04-01,Páscoa
2108-02-14,Carnaval
2108-03-30,Sexta-feira Santa
2108-05-31,Corpus Christi
2109-04-21,Páscoa
2109-03-05,Carnaval
2109-04-19,Sexta-feira Santa
2109-06-20,Corpus Christi
2110-04-06,Páscoa
2110-02-18,Carnaval
2110-04-04,Sexta-feira Santa
2110-06-05,Corpus Christi
2111-03-29,Páscoa
2111-02-10,Carnaval
2111-03-27,Sexta-feira Santa
2111-05-28,Corpus Christi
2112-04-17,Páscoa
2112-03-01,Carnaval
2112-04-15,Sexta-feira Santa
2112-06-16,Corpus Christi
2113-04-02,Páscoa
2113-02-14,Carnaval
2113-03-31,Sexta-feira Santa
2113-06-01,Corpus Christi
2114-04-22,Páscoa
2114-03-06,Carnaval
2114-04-20,Sexta-feira Santa
2114-06-21,Corpus Christi
2115-04-14,Páscoa
2115-02-26,Carnaval
2115-04-12,Sexta-feira Santa
2115-06-13,Corpus Christi
2116-03-29,Páscoa
2116-02-11,Carnaval
2116-03-27,Sexta-feira Santa
2116-05-28,Corpus Christi
2117-04-18,Páscoa
2117-03-02,Carnaval
2117-04-16,Sexta-feira Santa
2117-06-17,Corpus Christi
2118-04-10,Páscoa
2118-02-22,Carnaval
2118-04-08,Sexta-feira Santa
2118-06-09,Corpus Christi
2119-03-26,Páscoa
2119-02-07,Carnaval
2119-03-24,Sexta-feira Santa
2119-05-25,Corpus Christi
2120-04-14,Páscoa
2120-02-27,Carnaval
2120-04-12,Sexta-feira Santa
2120-06-13,Corpus Christi
2121-04-06,Páscoa
2121-02-18,Carnaval
2121-04-04,Sexta-feira Santa
2121-06-05,Corpus Christi
2122-03-29,Páscoa
2122-02-10,Carnaval
2122-03-27,Sexta-feira Santa
2122-05-28,Corpus Christi
2123-04-11,Páscoa
2123-02-23,Carnaval
2123-04-09,Sexta-feira Santa
2123-06-10,Corpus Christi
2124-04-02,Páscoa
2124-02-15,Carnaval
2124-03-31,Sexta-feira Santa
2124-06-01,Corpus Christi
2125-04-22,Páscoa
2125-03-06,Carnaval
2125-04-20,Sexta-feira Santa
2125-06-21,Corpus Christi
2126-04-14,Páscoa
2126-02-26,Carnaval
2126-04-12,Sexta-feira Santa
2126-06-13,Corpus Christi
2127-03-30,Páscoa
2127-02-11,Carnaval
2127-03-28,Sexta-feira Santa
2127-05-29,Corpus Christi
2128-04-18,Páscoa
2128-03-02,Carnaval
2128-04-16,Sexta-feira Santa
2128-06-17,Corpus Christi
2129-04-10,Páscoa
2129-02-22,Carnaval
2129-04-08,Sexta-feira Santa
2129-06-09,Corpus Christi
2130-03-26,Páscoa
2130-02-07,Carnaval
2130-03-24,Sexta-feira Santa
2130-05-25,Corpus Christi
2131-04-15,Páscoa
2131-02-27,Carnaval
2131-04-13,Sexta-feira Santa
2131-06-14,Corpus Christi
2132-04-06,Páscoa
2132-02-19,Carnaval
2132-04-04,Sexta-feira Santa
2132-06-05,Corpus Christi
2133-04-19,Páscoa
2133-03-03,Carnaval
2133-04-17,Sexta-feira Santa
2133-06-18,Corpus Christi
2134-04-11,Páscoa
2134-02-23,Carnaval
2134-04-09,Sexta-feira Santa
2134-06-10,Corpus Christi
2135-04-03,Páscoa
2135-02-15,Carnaval
2135-04-01,Sexta-feira Santa
2135-06-02,Corpus Christi
2136-04-22,Páscoa
2136-03-06,Carnaval
2136-04-20,Sexta-feira Santa
2136-06-21,Corpus Christi
2137-04-07,Páscoa
2137-02-19,Carnaval
2137-04-05,Sexta-feira Santa
2137-06-06,Corpus Christi
2138-03-30,Páscoa
2138-02-11,Carnaval
2138-03-28,Sexta-feira Santa
2138-05-29,Corpus Christi
2139-04-19,Páscoa
2139-03-03,Carnaval
2139-04-17,Sexta-feira Santa
2139-06-18,Corpus Christi
2140-04-03,Páscoa
2140-02-16,Carnaval
2140-04-01,Sexta-feira Santa
2140-06-02,Corpus Christi
2141-03-26,Páscoa
2141-02-07,Carnaval
2141-03-24,Sexta-feira Santa
2141-05-25,Corpus Christi
2142-04-15,Páscoa
2142-02-27,Carnaval
2142-04-13,Sexta-feira Santa
2142-06-14,Corpus Christi
2143-03-31,Páscoa
2143-02-12,Carnaval
2143-03-29,Sexta-feira Santa
2143-05-30,Corpus Christi
2144-04-19,Páscoa
2144-03-03,Carnaval
2144-04-17,Sexta-feira Santa
2144-06-18,Corpus Christi
2145-04-11,Páscoa
2145-02-23,Carnaval
2145-04-09,Sexta-feira Santa
2145-06-10,Corpus Christi
2146-04-03,Páscoa
2146-02-15,Carnaval
2146-04-01,Sexta-feira Santa
2146-06-02,Corpus Christi
2147-04-16,Páscoa
2147-02-28,Carnaval
2147-04-14,Sexta-feira Santa
2147-06-15,Corpus Christi
2148-04-07,Páscoa
2148-02-20,Carnaval
2148-04-05,Sexta-feira Santa
2148-06-06,Corpus Christi
2149-03-30,Páscoa
2149-02-11,Carnaval
2149-03-28,Sexta-feira Santa
2149-05-29,Corpus Christi
2150-04-12,Páscoa
2150-02-24,Carnaval
2150-04-10,Sexta-feira Santa
2150-06-11,Corpus Christi
2151-04-04,Páscoa
2151-02-16,Carnaval
2151-04-02,Sexta-feira Santa
2151-06-03,Corpus Christi
2152-04-23,Páscoa
2152-03-07,Carnaval
2152-04-21,Sexta-feira Santa
2152-06-22,Corpus Christi
2153-04-15,Páscoa
2153-02-27,Carnaval
2153-04-13,Sexta-feira Santa
2153-06-14,Corpus Christi
2154-03-31,Páscoa
2154-02-12,Carnaval
2154-03-29,Sexta-feira Santa
2154-05-30,Corpus Christi
2155-04-20,Páscoa
2155-03-04,Carnaval
2155-04-18,Sexta-feira Santa
2155-06-19,Corpus Christi
2156-04-11,Páscoa
2156-02-24,Carnaval
2156-04-09,Sexta-feira Santa
2156-06-10,Corpus Christi
2157-03-27,Páscoa
2157-02-08,Carnaval
2157-03-25,Sexta-feira Santa
2157-05-26,Corpus Christi
2158-04-16,Páscoa
2158-02-28,Carnaval
2158-04-14,Sexta-feira Santa
2158-06-15,Corpus Christi
2159-04-08,Páscoa
2159-02-20,Carnaval
2159-04-06,Sexta-feira Santa
2159-06-07,Corpus Christi
2160-03-23,Páscoa
2160-02-05,Carnaval
2160-03-21,Sexta-feira Santa
2160-05-22,Corpus Christi
2161-04-12,Páscoa
2161-02-24,Carnaval
2161-04-10,Sexta-feira Santa
2161-06-11,Corpus Christi
2162-04-04,Páscoa
2162-02-16,Carnaval
2162-04-02,Sexta-feira Santa
2162-06-03,Corpus Christi
2163-04-24,Páscoa
2163-03-08,Carnaval
2163-04-22,Sexta-feira Santa
2163-06-23,Corpus Christi
2164-04-08,Páscoa
2164-02-21,Carnaval
2164-04-06,Sexta-feira Santa
2164-06-07,Corpus Christi
2165-03-31,Páscoa
2165-02-12,Carnaval
2165-03-29,Sexta-feira Santa
2165-05-30,Corpus Christi
2166-04-20,Páscoa
2166-03-04,Carnaval
2166-04-18,Sexta-feira Santa
2166-06-19,Corpus Christi
2167-04-05,Páscoa
2167-02-17,Carnaval
2167-04-03,Sexta-feira Santa
2167-06-04,Corpus Christi
2168-03-27,Páscoa
2168-02-09,Carnaval
2168-03-25,Sexta-feira Santa
2168-05-26,Corpus Christi
2169-04-16,Páscoa
2169-02-28,Carnaval
2169-04-14,Sexta-feira Santa
2169-06-15,Corpus Christi
2170-04-01,Páscoa
2170-02-13,Carnaval
2170-03-30,Sexta-feira Santa
2170-05-31,Corpus Christi
2171-04-21,Páscoa
2171-03-05,Carnaval
2171-04-19,Sexta-feira Santa
2171-06-20,Corpus Christi
2172-04-12,Páscoa
2172-02-25,Carnaval
2172-04-10,Sexta-feira Santa
2172-06-11,Corpus Christi
2173-04-04,Páscoa
2173-02-16,Carnaval
2173-04-02,Sexta-feira Santa
2173-06-03,Corpus Christi
2174-04-17,Páscoa
2174-03-01,Carnaval
2174-04-15,Sexta-feira Santa
2174-06-16,Corpus Christi
2175-04-09,Páscoa
2175-02-21,Carnaval
2175-04-07,Sexta-feira Santa
2175-06-08,Corpus Christi
2176-03-31,Páscoa
2176-02-13,Carnaval
2176-03-29,Sexta-feira Santa
2176-05-30,Corpus Christi
2177-04-20,Páscoa
2177-03-04,Carnaval
2177-04-18,Sexta-feira Santa
2177-06-19,Corpus Christi
2178-04-05,Páscoa
2178-02-17,Carnaval
2178-04-03,Sexta-feira Santa
2178-06-04,Corpus Christi
2179-03-28,Páscoa
2179-02-09,Carnaval
2179-03-26,Sexta-feira Santa
2179-05-27,Corpus Christi
2180-04-16,Páscoa
2180-02-29,Carnaval
2180-04-14,Sexta-feira Santa
2180-06-15,Corpus Christi
2181-04-01,Páscoa
2181-02-13,Carnaval
2181-03-30,Sexta-feira Santa
2181-05-31,Corpus Christi
2182-04-21,Páscoa
2182-03-05,Carnaval
2182-04-19,Sexta-feira Santa
2182-06-20,Corpus Christi
2183-04-13,Páscoa
2183-02-25,Carnaval
2183-04-11,Sexta-feira Santa
2183-06-12,Corpus Christi
2184-03-28,Páscoa
2184-02-10,Carnaval
2184-03-26,Sexta-feira Santa
2184-05-27,Corpus Christi
2185-04-17,Páscoa
2185-03-01,Carnaval
2185-04-15,Sexta-feira Santa
2185-06-16,Corpus Christi
2186-04-09,Páscoa
2186-02-21,Carnaval
2186-04-07,Sexta-feira Santa
2186-06-08,Corpus Christi
2187-03-25,Páscoa
2187-02-06,Carnaval
2187-03-23,Sexta-feira Santa
2187-05-24,Corpus Christi
2188-04-13,Páscoa
2188-02-26,Carnaval
2188-04-11,Sexta-feira Santa
2188-06-12,Corpus Christi
2189-04-05,Páscoa
2189-02-17,Carnaval
2189-04-03,Sexta-feira Santa
2189-06-04,Corpus Christi
2190-04-25,Páscoa
2190-03-09,Carnaval
2190-04-23,Sexta-feira Santa
2190-06-24,Corpus Christi
2191-04-10,Páscoa
2191-02-22,Carnaval
2191-04-08,Sexta-feira Santa
2191-06-09,Corpus Christi
2192-04-01,Páscoa
2192-02-14,Carnaval
2192-03-30,Sexta-feira Santa
2192-05-31,Corpus Christi
2193-04-21,Páscoa
2193-03-05,Carnaval
2193-04-19,Sexta-feira Santa
2193-06-20,Corpus Christi
2194-04-06,Páscoa
2194-02-18,Carnaval
2194-04-04,Sexta-feira Santa
2194-06-05,Corpus Christi
2195-03-29,Páscoa
2195-02-10,Carnaval
2195-03-27,Sexta-feira Santa
2195-05-28,Corpus Christi
2196-04-17,Páscoa
2196-03-01,Carnaval
2196-04-15,Sexta-feira Santa
2196-06-16,Corpus Christi
2197-04-09,Páscoa
2197-02-21,Carnaval
2197-04-07,Sexta-feira Santa
2197-06-08,Corpus Christi
2198-03-25,Páscoa
2198-02-06,Carnaval
2198-03-23,Sexta-feira Santa
2198-05-24,Corpus Christi
2199-04-14,Páscoa
2199-02-26,Carnaval
2199-04-12,Sexta-feira Santa
2199-06-13,Corpus Christi
2200-04-06,Páscoa
2200-02-18,Carnaval
2200-04-04,Sexta-feira Santa
2200-06-05,Corpus Christi
